Datetime,Water Level (m)
2026-08-07 18:00:00,0.15043983
2026-08-07 19:00:00,-0.05766982
2026-08-07 20:00:00,-0.22373949
2026-08-07 21:00:00,-0.2571535
2026-08-07 22:00:00,-0.026320294
2026-08-07 23:00:00,0.27620977
2026-08-08 00:00:00,0.62068367
2026-08-08 01:00:00,0.9467394
2026-08-08 02:00:00,1.1391906
2026-08-08 03:00:00,1.2636775
2026-08-08 04:00:00,1.1032482
2026-08-08 05:00:00,0.8813066
2026-08-08 06:00:00,0.6660321
2026-08-08 07:00:00,0.4498332
2026-08-08 08:00:00,0.24497008
2026-08-08 09:00:00,0.08957218
2026-08-08 10:00:00,0.05321469
2026-08-08 11:00:00,0.24516349
2026-08-08 12:00:00,0.49179596
2026-08-08 13:00:00,0.7420166
2026-08-08 14:00:00,0.955612
2026-08-08 15:00:00,1.0671806
2026-08-08 16:00:00,0.97034955
2026-08-08 17:00:00,0.7503851
2026-08-08 18:00:00,0.52323896
2026-08-08 19:00:00,0.28634813
2026-08-08 20:00:00,0.05582208
2026-08-08 21:00:00,-0.14592986
2026-08-08 22:00:00,-0.2653802
2026-08-08 23:00:00,-0.1464767
2026-08-09 00:00:00,0.14598271
2026-08-09 01:00:00,0.5018724
2026-08-09 02:00:00,0.87807405
2026-08-09 03:00:00,1.2132939
2026-08-09 04:00:00,1.4274336
2026-08-09 05:00:00,1.3934542
2026-08-09 06:00:00,1.1356686
2026-08-09 07:00:00,0.880344
2026-08-09 08:00:00,0.6325128
2026-08-09 09:00:00,0.38005745
2026-08-09 10:00:00,0.13979733
2026-08-09 11:00:00,-0.023188228
2026-08-09 12:00:00,0.010048234
2026-08-09 13:00:00,0.28955472
2026-08-09 14:00:00,0.5948758
2026-08-09 15:00:00,0.8834349
2026-08-09 16:00:00,1.0948926
2026-08-09 17:00:00,1.1375575
2026-08-09 18:00:00,0.9275083
2026-08-09 19:00:00,0.683619
2026-08-09 20:00:00,0.43025374
2026-08-09 21:00:00,0.16325672
2026-08-09 22:00:00,-0.075671546
2026-08-09 23:00:00,-0.2786167
2026-08-10 00:00:00,-0.31104708
2026-08-10 01:00:00,-0.0035538813
2026-08-10 02:00:00,0.37241292
2026-08-10 03:00:00,0.79411155
2026-08-10 04:00:00,1.2393622
2026-08-10 05:00:00,1.4820477
2026-08-10 06:00:00,1.4695144
2026-08-10 07:00:00,1.207991
2026-08-10 08:00:00,0.9307531
2026-08-10 09:00:00,0.65748984
2026-08-10 10:00:00,0.37907848
2026-08-10 11:00:00,0.10512145
2026-08-10 12:00:00,-0.1142838
2026-08-10 13:00:00,-0.18601538
2026-08-10 14:00:00,0.12495922
2026-08-10 15:00:00,0.49386883
2026-08-10 16:00:00,0.8740946
2026-08-10 17:00:00,1.1800482
2026-08-10 18:00:00,1.3020707
2026-08-10 19:00:00,1.0630261
2026-08-10 20:00:00,0.7891345
2026-08-10 21:00:00,0.5095845
2026-08-10 22:00:00,0.22248003
2026-08-10 23:00:00,-0.04862746
2026-08-11 00:00:00,-0.28300837
2026-08-11 01:00:00,-0.37430367
2026-08-11 02:00:00,-0.059663627
2026-08-11 03:00:00,0.34935316
2026-08-11 04:00:00,0.830879
2026-08-11 05:00:00,1.3506801
2026-08-11 06:00:00,1.6230577
2026-08-11 07:00:00,1.612038
2026-08-11 08:00:00,1.3181583
2026-08-11 09:00:00,1.0018232
2026-08-11 10:00:00,0.6988825
2026-08-11 11:00:00,0.39393124
2026-08-11 12:00:00,0.09273825
2026-08-11 13:00:00,-0.16146001
2026-08-11 14:00:00,-0.26597613
2026-08-11 15:00:00,0.07212618
2026-08-11 16:00:00,0.48081058
2026-08-11 17:00:00,0.9126241
2026-08-11 18:00:00,1.3236893
2026-08-11 19:00:00,1.4229906
2026-08-11 20:00:00,1.1359624
2026-08-11 21:00:00,0.83413565
2026-08-11 22:00:00,0.5437384
2026-08-11 23:00:00,0.23768814
2026-08-12 00:00:00,-0.053087175
2026-08-12 01:00:00,-0.3072721
2026-08-12 02:00:00,-0.41519782
2026-08-12 03:00:00,-0.07138866
2026-08-12 04:00:00,0.36669713
2026-08-12 05:00:00,0.91314834
2026-08-12 06:00:00,1.433375
2026-08-12 07:00:00,1.7081032
2026-08-12 08:00:00,1.6087354
2026-08-12 09:00:00,1.2715245
2026-08-12 10:00:00,0.9423339
2026-08-12 11:00:00,0.6287185
2026-08-12 12:00:00,0.30851266
2026-08-12 13:00:00,0.003588914
2026-08-12 14:00:00,-0.25609466
2026-08-12 15:00:00,-0.29812992
2026-08-12 16:00:00,0.098187886
2026-08-12 17:00:00,0.55340374
2026-08-12 18:00:00,1.0886505
2026-08-12 19:00:00,1.4672581
2026-08-12 20:00:00,1.5246116
2026-08-12 21:00:00,1.1832858
2026-08-12 22:00:00,0.85738045
2026-08-12 23:00:00,0.5554372
2026-08-13 00:00:00,0.23556243
2026-08-13 01:00:00,-0.0641382
2026-08-13 02:00:00,-0.32035604
2026-08-13 03:00:00,-0.3682383
2026-08-13 04:00:00,0.026701404
2026-08-13 05:00:00,0.502992
2026-08-13 06:00:00,1.1205876
2026-08-13 07:00:00,1.5816032
2026-08-13 08:00:00,1.7745568
2026-08-13 09:00:00,1.5754629
2026-08-13 10:00:00,1.2186472
2026-08-13 11:00:00,0.87733
2026-08-13 12:00:00,0.557152
2026-08-13 13:00:00,0.22846352
2026-08-13 14:00:00,-0.07700556
2026-08-13 15:00:00,-0.31610006
2026-08-13 16:00:00,-0.19001566
2026-08-13 17:00:00,0.24113244
2026-08-13 18:00:00,0.73516273
